dataset,measure,seed,e1,ub1,d1,e2,ub2,d2,ok1,ok2
Breast Cancer,CP,0,0.12849162011173185,0.19927446897054135,0.009995247623811907,0.015384615384615385,0.2883234523435189,0.055472486243121566,True,True
Breast Cancer,DKW,0,0.12849162011173185,0.2089057740412006,0.01599224612306153,0.015384615384615385,0.28121293318900475,0.06796623311655829,True,True
Breast Cancer,CP,1,0.12849162011173185,0.19927446897054135,0.009995247623811907,0.015384615384615385,0.2883234523435189,0.055472486243121566,True,True
Breast Cancer,DKW,1,0.12849162011173185,0.2089057740412006,0.01599224612306153,0.015384615384615385,0.28121293318900475,0.06796623311655829,True,True
Breast Cancer,CP,2,0.15083798882681565,0.19927446897054135,0.009995247623811907,0.020512820512820513,0.2883234523435189,0.055472486243121566,True,True
Breast Cancer,DKW,2,0.1564245810055866,0.2089057740412006,0.01599224612306153,0.020512820512820513,0.28121293318900475,0.06796623311655829,True,True
Breast Cancer,CP,3,0.15083798882681565,0.19927446897054135,0.009995247623811907,0.03076923076923077,0.2883234523435189,0.055472486243121566,True,True
Breast Cancer,DKW,3,0.15083798882681565,0.2089057740412006,0.01599224612306153,0.03076923076923077,0.28121293318900475,0.06796623311655829,True,True
Breast Cancer,CP,4,0.1005586592178771,0.19927446897054135,0.009995247623811907,0.015384615384615385,0.2883234523435189,0.055472486243121566,True,True
Breast Cancer,DKW,4,0.11173184357541899,0.2089057740412006,0.01599224612306153,0.010256410256410256,0.28121293318900475,0.06796623311655829,True,True
Breast Cancer,CP,5,0.0893854748603352,0.19927446897054135,0.009995247623811907,0.015384615384615385,0.2883234523435189,0.055472486243121566,True,True
Breast Cancer,DKW,5,0.10614525139664804,0.2089057740412006,0.01599224612306153,0.015384615384615385,0.28121293318900475,0.06796623311655829,True,True
Breast Cancer,CP,6,0.11731843575418995,0.21402891253295267,0.009995247623811907,0.010256410256410256,0.2883234523435189,0.055472486243121566,True,True
Breast Cancer,DKW,6,0.12290502793296089,0.21974000547680883,0.016491995997999002,0.010256410256410256,0.28121293318900475,0.06796623311655829,True,True
Breast Cancer,CP,7,0.0446927374301676,0.19927446897054135,0.009995247623811907,0.03076923076923077,0.2883234523435189,0.055472486243121566,True,True
Breast Cancer,DKW,7,0.0782122905027933,0.2089057740412006,0.01599224612306153,0.03076923076923077,0.28121293318900475,0.06796623311655829,True,True
Breast Cancer,CP,8,0.12849162011173185,0.2823674346779707,0.011994247123561782,0.005128205128205128,0.2883234523435189,0.055472486243121566,True,True
Breast Cancer,DKW,8,0.15083798882681565,0.2747756269249934,0.01799124562281141,0.005128205128205128,0.28121293318900475,0.06796623311655829,True,True
Breast Cancer,CP,9,0.12849162011173185,0.25545114948987774,0.011494497248624313,0.010256410256410256,0.37780559040741624,0.06396823411705854,True,True
Breast Cancer,DKW,9,0.10614525139664804,0.23620276631361486,0.016991745872936472,0.010256410256410256,0.3355792711193243,0.07396323161580791,True,True
Pima Indian Diabetes,CP,0,0.336,0.44197713916370307,0.01349349674837419,0.23868312757201646,0.4052722630853213,0.05247398699349676,True,True
Pima Indian Diabetes,DKW,0,0.336,0.4093361225399972,0.018490995497748876,0.23868312757201646,0.3558438989222631,0.06196923461730866,True,True
Pima Indian Diabetes,CP,1,0.336,0.44197713916370307,0.01349349674837419,0.23868312757201646,0.4052722630853213,0.05247398699349676,True,True
Pima Indian Diabetes,DKW,1,0.336,0.4093361225399972,0.018490995497748876,0.23868312757201646,0.3558438989222631,0.06196923461730866,True,True
Pima Indian Diabetes,CP,2,0.34,0.5110194119236895,0.015492496248124064,0.2551440329218107,0.4520149192410864,0.05647198599299651,True,True
Pima Indian Diabetes,DKW,2,0.26,0.3819559945021177,0.01749149574787394,0.3662551440329218,0.43002487920168647,0.0709647323661831,True,True
Pima Indian Diabetes,CP,3,0.252,0.33978127665658536,0.010994747373686845,0.37037037037037035,0.3547566448587999,0.04797623811905954,True,False
Pima Indian Diabetes,DKW,3,0.252,0.31494670188100204,0.01599224612306153,0.37037037037037035,0.318654911077792,0.05797123561780891,True,False
Pima Indian Diabetes,CP,4,0.244,0.36567049722248707,0.011994247123561782,0.3045267489711934,0.3547566448587999,0.04797623811905954,True,True
Pima Indian Diabetes,DKW,4,0.244,0.3386077271186148,0.016491995997999002,0.3045267489711934,0.318654911077792,0.05797123561780891,True,True
Pima Indian Diabetes,CP,5,0.232,0.24408605945875111,0.00899574787393697,0.411522633744856,0.29800396229579384,0.04347848924462232,True,False
Pima Indian Diabetes,DKW,5,0.232,0.24040325156400785,0.013993246623311658,0.4074074074074074,0.2812488491523916,0.05447298649324663,True,False
Pima Indian Diabetes,CP,6,0.228,0.27694259749075334,0.009495497748874438,0.4444444444444444,0.3547566448587999,0.04797623811905954,True,False
Pima Indian Diabetes,DKW,6,0.228,0.2600227118309224,0.014492996498249127,0.4444444444444444,0.318654911077792,0.05797123561780891,True,False
Pima Indian Diabetes,CP,7,0.276,0.4584194115172169,0.013993246623311658,0.2345679012345679,0.4520149192410864,0.05647198599299651,True,True
Pima Indian Diabetes,DKW,7,0.256,0.41703711028698687,0.018990745372686347,0.24691358024691357,0.3931779200775383,0.06596723361680841,True,True
Pima Indian Diabetes,CP,8,0.292,0.3353123855340808,0.010994747373686845,0.345679012345679,0.29800396229579384,0.04347848924462232,True,False
Pima Indian Diabetes,DKW,8,0.292,0.3112951201905308,0.015492496248124064,0.345679012345679,0.2812488491523916,0.05447298649324663,True,False
Pima Indian Diabetes,CP,9,0.252,0.370051603674867,0.011994247123561782,0.3374485596707819,0.29800396229579384,0.04347848924462232,True,False
Pima Indian Diabetes,DKW,9,0.252,0.3426077271186148,0.016491995997999002,0.3374485596707819,0.2812488491523916,0.05447298649324663,True,False
Hepatitis,CP,0,0.08928571428571429,0.25964027197213296,0.023988244122061034,0.5384615384615384,0.3336699472351205,0.07146448224112056,True,False
Hepatitis,DKW,0,0.14285714285714285,0.26624999961873175,0.03398324162081041,0.38461538461538464,0.30980479757431606,0.08245897948974489,True,False
Hepatitis,CP,1,0.08928571428571429,0.25964027197213296,0.023988244122061034,0.5384615384615384,0.3336699472351205,0.07146448224112056,True,False
Hepatitis,DKW,1,0.14285714285714285,0.26624999961873175,0.03398324162081041,0.38461538461538464,0.30980479757431606,0.08245897948974489,True,False
Hepatitis,CP,2,0.23214285714285715,0.4168212095983038,0.032483991995998,0.23076923076923078,0.5258446979036256,0.09545247623811907,True,True
Hepatitis,DKW,2,0.23214285714285715,0.3532280745776048,0.03948049024512257,0.23076923076923078,0.44768115459640095,0.10594722361180592,True,True
Hepatitis,CP,3,0.44642857142857145,0.25964027197213296,0.023988244122061034,0.15384615384615385,0.3336699472351205,0.07146448224112056,False,True
Hepatitis,DKW,3,0.44642857142857145,0.24845181815702388,0.033483491745872944,0.15384615384615385,0.30980479757431606,0.08245897948974489,False,True
Hepatitis,CP,4,0.48214285714285715,0.3084890886614845,0.02648699349674838,0.15384615384615385,0.3336699472351205,0.07146448224112056,False,True
Hepatitis,DKW,4,0.5,0.30112558471378414,0.03598224112056028,0.07692307692307693,0.30980479757431606,0.08245897948974489,False,True
Hepatitis,CP,5,0.32142857142857145,0.43671063930914095,0.03398324162081041,0.15384615384615385,0.5258446979036256,0.09545247623811907,True,True
Hepatitis,DKW,5,0.32142857142857145,0.3707456242261652,0.0404799899949975,0.15384615384615385,0.44768115459640095,0.10594722361180592,True,True
Hepatitis,CP,6,0.19642857142857142,0.3084890886614845,0.02648699349674838,0.46153846153846156,0.43979712720831354,0.08395822911455729,True,False
Hepatitis,DKW,6,0.19642857142857142,0.28367874691585965,0.03498274137068535,0.46153846153846156,0.37919991579392043,0.09295372686343173,True,False
Hepatitis,CP,7,0.48214285714285715,0.39618174310953697,0.03148449224612306,0.15384615384615385,0.5258446979036256,0.09545247623811907,False,True
Hepatitis,DKW,7,0.48214285714285715,0.3532280745776048,0.03948049024512257,0.15384615384615385,0.44768115459640095,0.10594722361180592,False,True
Hepatitis,CP,8,0.23214285714285715,0.33127160998225014,0.027986243121560783,0.3076923076923077,0.43979712720831354,0.08395822911455729,True,True
Hepatitis,DKW,8,0.23214285714285715,0.30112558471378414,0.03598224112056028,0.3076923076923077,0.37919991579392043,0.09295372686343173,True,True
Hepatitis,CP,9,0.44642857142857145,0.25964027197213296,0.023988244122061034,0.3076923076923077,0.3336699472351205,0.07146448224112056,False,True
Hepatitis,DKW,9,0.44642857142857145,0.24845181815702388,0.033483491745872944,0.3076923076923077,0.30980479757431606,0.08245897948974489,False,True
Heart Disease,CP,0,0.18292682926829268,0.37813057102699654,0.023488494247123563,0.08333333333333333,0.3643042829461181,0.04997523761880941,True,True
Heart Disease,DKW,0,0.18292682926829268,0.34067096184933987,0.030984742371185595,0.08333333333333333,0.32545532915117564,0.059970235117558786,True,True
Heart Disease,CP,1,0.18292682926829268,0.37813057102699654,0.023488494247123563,0.08333333333333333,0.3643042829461181,0.04997523761880941,True,True
Heart Disease,DKW,1,0.18292682926829268,0.34067096184933987,0.030984742371185595,0.08333333333333333,0.32545532915117564,0.059970235117558786,True,True
Heart Disease,CP,2,0.25609756097560976,0.3641403560359209,0.022988744372186096,0.041666666666666664,0.3643042829461181,0.04997523761880941,True,True
Heart Disease,DKW,2,0.25609756097560976,0.32916106191785977,0.029985242621310658,0.041666666666666664,0.32545532915117564,0.059970235117558786,True,True
Heart Disease,CP,3,0.21951219512195122,0.306242235426589,0.02048999499749875,0.16666666666666666,0.3057382977904828,0.04547748874437219,True,True
Heart Disease,DKW,3,0.21951219512195122,0.281811961721752,0.027986243121560783,0.16666666666666666,0.2863608034188698,0.05647198599299651,True,True
Heart Disease,CP,4,0.2926829268292683,0.27541568396542854,0.019490495247623814,0.0,0.23529125287882735,0.03998024012006003,False,True
Heart Disease,DKW,4,0.2926829268292683,0.25817067674968414,0.026986743371685846,0.0,0.24740145424619026,0.05297373686843422,False,True
Heart Disease,CP,5,0.18292682926829268,0.3211842143294833,0.02098974487243622,0.08333333333333333,0.3643042829461181,0.04997523761880941,True,True
Heart Disease,DKW,5,0.18292682926829268,0.29364119902794994,0.028485992996498254,0.08333333333333333,0.32545532915117564,0.059970235117558786,True,True
Heart Disease,CP,6,0.21951219512195122,0.3211842143294833,0.02098974487243622,0.16666666666666666,0.3643042829461181,0.04997523761880941,True,True
Heart Disease,DKW,6,0.21951219512195122,0.29364119902794994,0.028485992996498254,0.16666666666666666,0.32545532915117564,0.059970235117558786,True,True
Heart Disease,CP,7,0.25609756097560976,0.3641403560359209,0.022988744372186096,0.0,0.4160737450769644,0.054972736368184096,True,True
Heart Disease,DKW,7,0.25609756097560976,0.32916106191785977,0.029985242621310658,0.0,0.3643292998482883,0.06396823411705854,True,True
Heart Disease,CP,8,0.14634146341463414,0.3211842143294833,0.02098974487243622,0.125,0.3643042829461181,0.04997523761880941,True,True
Heart Disease,DKW,8,0.14634146341463414,0.29364119902794994,0.028485992996498254,0.125,0.32545532915117564,0.059970235117558786,True,True
Heart Disease,CP,9,0.1951219512195122,0.3641403560359209,0.022988744372186096,0.08333333333333333,0.4160737450769644,0.054972736368184096,True,True
Heart Disease,DKW,9,0.1951219512195122,0.3173159232657007,0.02948549274637319,0.08333333333333333,0.3643292998482883,0.06396823411705854,True,True
